algorithm,input_type,n,trial,time_ns,time_ms,max_depth,comparisons,swaps,allocations,recursive_calls
MergeSort,RANDOM,1000,1,156333,0.1563,7,10517,15803,1000,127
MergeSort,RANDOM,1000,2,120333,0.1203,7,10517,15803,1000,127
MergeSort,RANDOM,1000,3,106166,0.1062,7,10517,15803,1000,127
MergeSort,RANDOM,1000,4,104958,0.1050,7,10517,15803,1000,127
MergeSort,RANDOM,1000,5,106000,0.1060,7,10517,15803,1000,127
QuickSort,RANDOM,1000,1,334084,0.3341,5,11976,4014,0,115
QuickSort,RANDOM,1000,2,346833,0.3468,5,12185,4034,0,121
QuickSort,RANDOM,1000,3,366625,0.3666,5,14216,3880,0,125
QuickSort,RANDOM,1000,4,326667,0.3267,5,11805,3970,0,115
QuickSort,RANDOM,1000,5,339917,0.3399,6,12661,4080,0,121
Arrays.sort,RANDOM,1000,1,250000,0.2500,0,0,0,0,0
Arrays.sort,RANDOM,1000,2,253625,0.2536,0,0,0,0,0
Arrays.sort,RANDOM,1000,3,124625,0.1246,0,0,0,0,0
Arrays.sort,RANDOM,1000,4,125958,0.1260,0,0,0,0,0
Arrays.sort,RANDOM,1000,5,107167,0.1072,0,0,0,0,0
MergeSort,RANDOM,5000,1,679500,0.6795,10,58990,100948,5000,1023
MergeSort,RANDOM,5000,2,1744167,1.7442,10,58990,100948,5000,1023
MergeSort,RANDOM,5000,3,694125,0.6941,10,58990,100948,5000,1023
MergeSort,RANDOM,5000,4,1073292,1.0733,10,58990,100948,5000,1023
MergeSort,RANDOM,5000,5,1458166,1.4582,10,58990,100948,5000,1023
QuickSort,RANDOM,5000,1,833667,0.8337,7,79437,22792,0,586
QuickSort,RANDOM,5000,2,449208,0.4492,7,78945,22568,0,591
QuickSort,RANDOM,5000,3,449125,0.4491,7,82625,22770,0,586
QuickSort,RANDOM,5000,4,684000,0.6840,7,77664,22994,0,592
QuickSort,RANDOM,5000,5,676917,0.6769,7,77897,22830,0,592
Arrays.sort,RANDOM,5000,1,314834,0.3148,0,0,0,0,0
Arrays.sort,RANDOM,5000,2,314000,0.3140,0,0,0,0,0
Arrays.sort,RANDOM,5000,3,310375,0.3104,0,0,0,0,0
Arrays.sort,RANDOM,5000,4,297875,0.2979,0,0,0,0,0
Arrays.sort,RANDOM,5000,5,295333,0.2953,0,0,0,0,0
MergeSort,RANDOM,10000,1,1629625,1.6296,11,128304,222216,10000,2047
MergeSort,RANDOM,10000,2,1631000,1.6310,11,128304,222216,10000,2047
MergeSort,RANDOM,10000,3,1532875,1.5329,11,128304,222216,10000,2047
MergeSort,RANDOM,10000,4,1547250,1.5473,11,128304,222216,10000,2047
MergeSort,RANDOM,10000,5,1577875,1.5779,11,128304,222216,10000,2047
QuickSort,RANDOM,10000,1,942125,0.9421,8,173659,47502,0,1198
QuickSort,RANDOM,10000,2,904834,0.9048,7,167442,47900,0,1177
QuickSort,RANDOM,10000,3,908625,0.9086,8,165640,48400,0,1171
QuickSort,RANDOM,10000,4,939042,0.9390,7,168056,48476,0,1188
QuickSort,RANDOM,10000,5,935875,0.9359,8,164161,48136,0,1155
Arrays.sort,RANDOM,10000,1,722291,0.7223,0,0,0,0,0
Arrays.sort,RANDOM,10000,2,771458,0.7715,0,0,0,0,0
Arrays.sort,RANDOM,10000,3,783083,0.7831,0,0,0,0,0
Arrays.sort,RANDOM,10000,4,726041,0.7260,0,0,0,0,0
Arrays.sort,RANDOM,10000,5,723958,0.7240,0,0,0,0,0
MergeSort,RANDOM,50000,1,3340667,3.3407,13,773119,1339423,50000,8191
MergeSort,RANDOM,50000,2,3468042,3.4680,13,773119,1339423,50000,8191
MergeSort,RANDOM,50000,3,3345958,3.3460,13,773119,1339423,50000,8191
MergeSort,RANDOM,50000,4,3509250,3.5093,13,773119,1339423,50000,8191
MergeSort,RANDOM,50000,5,3382834,3.3828,13,773119,1339423,50000,8191
QuickSort,RANDOM,50000,1,2804125,2.8041,10,1018445,266395,0,5874
QuickSort,RANDOM,50000,2,2836375,2.8364,9,1016031,268026,0,5831
QuickSort,RANDOM,50000,3,3618042,3.6180,9,1019428,267424,0,5868
QuickSort,RANDOM,50000,4,3086125,3.0861,8,1053304,264743,0,5879
QuickSort,RANDOM,50000,5,2925750,2.9258,9,1007351,268241,0,5885
Arrays.sort,RANDOM,50000,1,3163958,3.1640,0,0,0,0,0
Arrays.sort,RANDOM,50000,2,3264083,3.2641,0,0,0,0,0
Arrays.sort,RANDOM,50000,3,3065334,3.0653,0,0,0,0,0
Arrays.sort,RANDOM,50000,4,3063958,3.0640,0,0,0,0,0
Arrays.sort,RANDOM,50000,5,3090500,3.0905,0,0,0,0,0
MergeSort,RANDOM,100000,1,6855375,6.8554,14,1646799,2879791,100000,16383
MergeSort,RANDOM,100000,2,6878708,6.8787,14,1646799,2879791,100000,16383
MergeSort,RANDOM,100000,3,6843916,6.8439,14,1646799,2879791,100000,16383
MergeSort,RANDOM,100000,4,6772208,6.7722,14,1646799,2879791,100000,16383
MergeSort,RANDOM,100000,5,6912375,6.9124,14,1646799,2879791,100000,16383
QuickSort,RANDOM,100000,1,5996000,5.9960,10,2186536,557968,0,11712
QuickSort,RANDOM,100000,2,5973417,5.9734,10,2133726,557150,0,11828
QuickSort,RANDOM,100000,3,5940292,5.9403,10,2111195,557216,0,11751
QuickSort,RANDOM,100000,4,5992208,5.9922,9,2246122,556064,0,11752
QuickSort,RANDOM,100000,5,6020875,6.0209,10,2134022,558711,0,11680
Arrays.sort,RANDOM,100000,1,4649833,4.6498,0,0,0,0,0
Arrays.sort,RANDOM,100000,2,4658625,4.6586,0,0,0,0,0
Arrays.sort,RANDOM,100000,3,4629125,4.6291,0,0,0,0,0
Arrays.sort,RANDOM,100000,4,4637583,4.6376,0,0,0,0,0
Arrays.sort,RANDOM,100000,5,4718459,4.7185,0,0,0,0,0
MergeSort,RANDOM,200000,1,14518625,14.5186,15,3495320,6161124,200000,32767
MergeSort,RANDOM,200000,2,14584917,14.5849,15,3495320,6161124,200000,32767
MergeSort,RANDOM,200000,3,14710833,14.7108,15,3495320,6161124,200000,32767
MergeSort,RANDOM,200000,4,14669292,14.6693,15,3495320,6161124,200000,32767
MergeSort,RANDOM,200000,5,14735208,14.7352,15,3495320,6161124,200000,32767
QuickSort,RANDOM,200000,1,13590750,13.5908,11,4508774,1165380,0,23577
QuickSort,RANDOM,200000,2,12850083,12.8501,10,4579833,1161215,0,23581
QuickSort,RANDOM,200000,3,13227833,13.2278,10,4798894,1158644,0,23475
QuickSort,RANDOM,200000,4,13507541,13.5075,11,4479640,1166396,0,23460
QuickSort,RANDOM,200000,5,13232583,13.2326,11,4662396,1159342,0,23624
Arrays.sort,RANDOM,200000,1,10245084,10.2451,0,0,0,0,0
Arrays.sort,RANDOM,200000,2,10198750,10.1988,0,0,0,0,0
Arrays.sort,RANDOM,200000,3,9992042,9.9920,0,0,0,0,0
Arrays.sort,RANDOM,200000,4,9988708,9.9887,0,0,0,0,0
Arrays.sort,RANDOM,200000,5,10152542,10.1525,0,0,0,0,0
MergeSort,SORTED,1000,1,11625,0.0116,7,999,0,1000,127
MergeSort,SORTED,1000,2,11917,0.0119,7,999,0,1000,127
MergeSort,SORTED,1000,3,11625,0.0116,7,999,0,1000,127
MergeSort,SORTED,1000,4,11500,0.0115,7,999,0,1000,127
MergeSort,SORTED,1000,5,11917,0.0119,7,999,0,1000,127
QuickSort,SORTED,1000,1,9958,0.0100,6,9537,0,0,121
QuickSort,SORTED,1000,2,10833,0.0108,5,11035,0,0,113
QuickSort,SORTED,1000,3,11000,0.0110,5,10693,0,0,130
QuickSort,SORTED,1000,4,9875,0.0099,6,9650,0,0,121
QuickSort,SORTED,1000,5,10875,0.0109,5,10649,0,0,125
Arrays.sort,SORTED,1000,1,2500,0.0025,0,0,0,0,0
Arrays.sort,SORTED,1000,2,2625,0.0026,0,0,0,0,0
Arrays.sort,SORTED,1000,3,2584,0.0026,0,0,0,0,0
Arrays.sort,SORTED,1000,4,2584,0.0026,0,0,0,0,0
Arrays.sort,SORTED,1000,5,3625,0.0036,0,0,0,0,0
MergeSort,SORTED,5000,1,15292,0.0153,10,4999,0,5000,1023
MergeSort,SORTED,5000,2,20708,0.0207,10,4999,0,5000,1023
MergeSort,SORTED,5000,3,15250,0.0153,10,4999,0,5000,1023
MergeSort,SORTED,5000,4,15292,0.0153,10,4999,0,5000,1023
MergeSort,SORTED,5000,5,15250,0.0153,10,4999,0,5000,1023
QuickSort,SORTED,5000,1,58750,0.0588,7,65135,0,0,612
QuickSort,SORTED,5000,2,57458,0.0575,7,64297,0,0,605
QuickSort,SORTED,5000,3,59333,0.0593,7,66835,0,0,611
QuickSort,SORTED,5000,4,61917,0.0619,7,73558,0,0,605
QuickSort,SORTED,5000,5,59625,0.0596,7,66761,0,0,597
Arrays.sort,SORTED,5000,1,12166,0.0122,0,0,0,0,0
Arrays.sort,SORTED,5000,2,12250,0.0123,0,0,0,0,0
Arrays.sort,SORTED,5000,3,11875,0.0119,0,0,0,0,0
Arrays.sort,SORTED,5000,4,12250,0.0123,0,0,0,0,0
Arrays.sort,SORTED,5000,5,11875,0.0119,0,0,0,0,0
MergeSort,SORTED,10000,1,29458,0.0295,11,9999,0,10000,2047
MergeSort,SORTED,10000,2,30584,0.0306,11,9999,0,10000,2047
MergeSort,SORTED,10000,3,31750,0.0318,11,9999,0,10000,2047
MergeSort,SORTED,10000,4,30791,0.0308,11,9999,0,10000,2047
MergeSort,SORTED,10000,5,30542,0.0305,11,9999,0,10000,2047
QuickSort,SORTED,10000,1,131209,0.1312,7,148498,0,0,1232
QuickSort,SORTED,10000,2,122209,0.1222,8,143750,0,0,1191
QuickSort,SORTED,10000,3,123333,0.1233,7,143973,0,0,1215
QuickSort,SORTED,10000,4,117500,0.1175,8,134663,0,0,1186
QuickSort,SORTED,10000,5,127917,0.1279,7,150514,0,0,1224
Arrays.sort,SORTED,10000,1,23833,0.0238,0,0,0,0,0
Arrays.sort,SORTED,10000,2,24166,0.0242,0,0,0,0,0
Arrays.sort,SORTED,10000,3,24250,0.0243,0,0,0,0,0
Arrays.sort,SORTED,10000,4,24000,0.0240,0,0,0,0,0
Arrays.sort,SORTED,10000,5,23958,0.0240,0,0,0,0,0
MergeSort,SORTED,50000,1,140208,0.1402,13,49999,0,50000,8191
MergeSort,SORTED,50000,2,134541,0.1345,13,49999,0,50000,8191
MergeSort,SORTED,50000,3,135208,0.1352,13,49999,0,50000,8191
MergeSort,SORTED,50000,4,138959,0.1390,13,49999,0,50000,8191
MergeSort,SORTED,50000,5,141916,0.1419,13,49999,0,50000,8191
QuickSort,SORTED,50000,1,729041,0.7290,10,896779,0,0,6084
QuickSort,SORTED,50000,2,767292,0.7673,9,964463,0,0,6071
QuickSort,SORTED,50000,3,758500,0.7585,9,944185,0,0,6092
QuickSort,SORTED,50000,4,758417,0.7584,10,859163,0,0,6116
QuickSort,SORTED,50000,5,1051500,1.0515,9,901773,0,0,6083
Arrays.sort,SORTED,50000,1,119834,0.1198,0,0,0,0,0
Arrays.sort,SORTED,50000,2,119916,0.1199,0,0,0,0,0
Arrays.sort,SORTED,50000,3,119709,0.1197,0,0,0,0,0
Arrays.sort,SORTED,50000,4,119625,0.1196,0,0,0,0,0
Arrays.sort,SORTED,50000,5,119708,0.1197,0,0,0,0,0
MergeSort,SORTED,100000,1,303875,0.3039,14,99999,0,100000,16383
MergeSort,SORTED,100000,2,269917,0.2699,14,99999,0,100000,16383
MergeSort,SORTED,100000,3,271458,0.2715,14,99999,0,100000,16383
MergeSort,SORTED,100000,4,285750,0.2858,14,99999,0,100000,16383
MergeSort,SORTED,100000,5,283458,0.2835,14,99999,0,100000,16383
QuickSort,SORTED,100000,1,1535125,1.5351,10,1898985,0,0,12264
QuickSort,SORTED,100000,2,2538167,2.5382,10,2016029,0,0,12177
QuickSort,SORTED,100000,3,1789000,1.7890,10,2103099,0,0,12121
QuickSort,SORTED,100000,4,1784375,1.7844,10,1896145,0,0,12226
QuickSort,SORTED,100000,5,1746375,1.7464,10,1950772,0,0,12151
Arrays.sort,SORTED,100000,1,23000,0.0230,0,0,0,0,0
Arrays.sort,SORTED,100000,2,22209,0.0222,0,0,0,0,0
Arrays.sort,SORTED,100000,3,22583,0.0226,0,0,0,0,0
Arrays.sort,SORTED,100000,4,22209,0.0222,0,0,0,0,0
Arrays.sort,SORTED,100000,5,21792,0.0218,0,0,0,0,0
MergeSort,SORTED,200000,1,409500,0.4095,15,199999,0,200000,32767
MergeSort,SORTED,200000,2,371167,0.3712,15,199999,0,200000,32767
MergeSort,SORTED,200000,3,361833,0.3618,15,199999,0,200000,32767
MergeSort,SORTED,200000,4,367167,0.3672,15,199999,0,200000,32767
MergeSort,SORTED,200000,5,368166,0.3682,15,199999,0,200000,32767
QuickSort,SORTED,200000,1,3636625,3.6366,11,4156613,0,0,24219
QuickSort,SORTED,200000,2,3156334,3.1563,11,4088320,0,0,24277
QuickSort,SORTED,200000,3,3098666,3.0987,10,4126309,0,0,24325
QuickSort,SORTED,200000,4,3204458,3.2045,10,4339469,0,0,24128
QuickSort,SORTED,200000,5,3207125,3.2071,11,4083273,0,0,24209
Arrays.sort,SORTED,200000,1,42000,0.0420,0,0,0,0,0
Arrays.sort,SORTED,200000,2,42541,0.0425,0,0,0,0,0
Arrays.sort,SORTED,200000,3,42292,0.0423,0,0,0,0,0
Arrays.sort,SORTED,200000,4,42083,0.0421,0,0,0,0,0
Arrays.sort,SORTED,200000,5,42083,0.0421,0,0,0,0,0
MergeSort,REVERSE_SORTED,1000,1,17041,0.0170,7,10363,19320,1000,127
MergeSort,REVERSE_SORTED,1000,2,16959,0.0170,7,10363,19320,1000,127
MergeSort,REVERSE_SORTED,1000,3,18542,0.0185,7,10363,19320,1000,127
MergeSort,REVERSE_SORTED,1000,4,17041,0.0170,7,10363,19320,1000,127
MergeSort,REVERSE_SORTED,1000,5,18167,0.0182,7,10363,19320,1000,127
QuickSort,REVERSE_SORTED,1000,1,11084,0.0111,5,10145,504,0,127
QuickSort,REVERSE_SORTED,1000,2,11375,0.0114,5,10950,504,0,115
QuickSort,REVERSE_SORTED,1000,3,11417,0.0114,5,10896,504,0,130
QuickSort,REVERSE_SORTED,1000,4,9875,0.0099,5,9612,500,0,111
QuickSort,REVERSE_SORTED,1000,5,10583,0.0106,5,10088,500,0,116
Arrays.sort,REVERSE_SORTED,1000,1,23250,0.0233,0,0,0,0,0
Arrays.sort,REVERSE_SORTED,1000,2,22500,0.0225,0,0,0,0,0
Arrays.sort,REVERSE_SORTED,1000,3,22584,0.0226,0,0,0,0,0
Arrays.sort,REVERSE_SORTED,1000,4,25333,0.0253,0,0,0,0,0
Arrays.sort,REVERSE_SORTED,1000,5,23291,0.0233,0,0,0,0,0
MergeSort,REVERSE_SORTED,5000,1,93084,0.0931,10,44835,111960,5000,1023
MergeSort,REVERSE_SORTED,5000,2,94833,0.0948,10,44835,111960,5000,1023
MergeSort,REVERSE_SORTED,5000,3,120833,0.1208,10,44835,111960,5000,1023
MergeSort,REVERSE_SORTED,5000,4,125500,0.1255,10,44835,111960,5000,1023
MergeSort,REVERSE_SORTED,5000,5,110333,0.1103,10,44835,111960,5000,1023
QuickSort,REVERSE_SORTED,5000,1,61125,0.0611,7,66923,2512,0,604
QuickSort,REVERSE_SORTED,5000,2,59834,0.0598,7,65325,2524,0,609
QuickSort,REVERSE_SORTED,5000,3,60541,0.0605,7,67782,2500,0,595
QuickSort,REVERSE_SORTED,5000,4,60500,0.0605,7,65941,2500,0,618
QuickSort,REVERSE_SORTED,5000,5,62834,0.0628,6,70064,2512,0,597
Arrays.sort,REVERSE_SORTED,5000,1,26875,0.0269,0,0,0,0,0
Arrays.sort,REVERSE_SORTED,5000,2,24875,0.0249,0,0,0,0,0
Arrays.sort,REVERSE_SORTED,5000,3,22417,0.0224,0,0,0,0,0
Arrays.sort,REVERSE_SORTED,5000,4,27083,0.0271,0,0,0,0,0
Arrays.sort,REVERSE_SORTED,5000,5,24625,0.0246,0,0,0,0,0
MergeSort,REVERSE_SORTED,10000,1,190208,0.1902,11,94671,243920,10000,2047
MergeSort,REVERSE_SORTED,10000,2,192208,0.1922,11,94671,243920,10000,2047
MergeSort,REVERSE_SORTED,10000,3,195750,0.1958,11,94671,243920,10000,2047
MergeSort,REVERSE_SORTED,10000,4,198333,0.1983,11,94671,243920,10000,2047
MergeSort,REVERSE_SORTED,10000,5,202958,0.2030,11,94671,243920,10000,2047
QuickSort,REVERSE_SORTED,10000,1,138458,0.1385,7,162016,5060,0,1193
QuickSort,REVERSE_SORTED,10000,2,139875,0.1399,8,160329,5004,0,1223
QuickSort,REVERSE_SORTED,10000,3,135917,0.1359,8,152483,5004,0,1219
QuickSort,REVERSE_SORTED,10000,4,127333,0.1273,8,142683,5004,0,1239
QuickSort,REVERSE_SORTED,10000,5,127542,0.1275,8,149288,5012,0,1183
Arrays.sort,REVERSE_SORTED,10000,1,38083,0.0381,0,0,0,0,0
Arrays.sort,REVERSE_SORTED,10000,2,38417,0.0384,0,0,0,0,0
Arrays.sort,REVERSE_SORTED,10000,3,38292,0.0383,0,0,0,0,0
Arrays.sort,REVERSE_SORTED,10000,4,38250,0.0383,0,0,0,0,0
Arrays.sort,REVERSE_SORTED,10000,5,38000,0.0380,0,0,0,0,0
MergeSort,REVERSE_SORTED,50000,1,1141000,1.1410,13,583503,1480512,50000,8191
MergeSort,REVERSE_SORTED,50000,2,1188250,1.1883,13,583503,1480512,50000,8191
MergeSort,REVERSE_SORTED,50000,3,1243834,1.2438,13,583503,1480512,50000,8191
MergeSort,REVERSE_SORTED,50000,4,1153584,1.1536,13,583503,1480512,50000,8191
MergeSort,REVERSE_SORTED,50000,5,1143334,1.1433,13,583503,1480512,50000,8191
QuickSort,REVERSE_SORTED,50000,1,775125,0.7751,9,931240,25000,0,6035
QuickSort,REVERSE_SORTED,50000,2,747417,0.7474,9,898294,25000,0,6002
QuickSort,REVERSE_SORTED,50000,3,1128250,1.1283,9,1001841,25004,0,6027
QuickSort,REVERSE_SORTED,50000,4,811875,0.8119,10,874878,25040,0,6030
QuickSort,REVERSE_SORTED,50000,5,804166,0.8042,9,917311,25000,0,6036
Arrays.sort,REVERSE_SORTED,50000,1,82750,0.0828,0,0,0,0,0
Arrays.sort,REVERSE_SORTED,50000,2,84583,0.0846,0,0,0,0,0
Arrays.sort,REVERSE_SORTED,50000,3,82459,0.0825,0,0,0,0,0
Arrays.sort,REVERSE_SORTED,50000,4,84750,0.0848,0,0,0,0,0
Arrays.sort,REVERSE_SORTED,50000,5,84708,0.0847,0,0,0,0,0
MergeSort,REVERSE_SORTED,100000,1,3354417,3.3544,14,1217007,3161024,100000,16383
MergeSort,REVERSE_SORTED,100000,2,2577417,2.5774,14,1217007,3161024,100000,16383
MergeSort,REVERSE_SORTED,100000,3,2580125,2.5801,14,1217007,3161024,100000,16383
MergeSort,REVERSE_SORTED,100000,4,2567416,2.5674,14,1217007,3161024,100000,16383
MergeSort,REVERSE_SORTED,100000,5,2534334,2.5343,14,1217007,3161024,100000,16383
QuickSort,REVERSE_SORTED,100000,1,1563709,1.5637,10,1924319,50084,0,12162
QuickSort,REVERSE_SORTED,100000,2,1556209,1.5562,10,1905156,50000,0,12222
QuickSort,REVERSE_SORTED,100000,3,1740750,1.7408,10,1990576,50000,0,12139
QuickSort,REVERSE_SORTED,100000,4,1575833,1.5758,9,1984294,50000,0,12143
QuickSort,REVERSE_SORTED,100000,5,1601792,1.6018,10,1994400,50000,0,12155
Arrays.sort,REVERSE_SORTED,100000,1,63500,0.0635,0,0,0,0,0
Arrays.sort,REVERSE_SORTED,100000,2,63500,0.0635,0,0,0,0,0
Arrays.sort,REVERSE_SORTED,100000,3,63333,0.0633,0,0,0,0,0
Arrays.sort,REVERSE_SORTED,100000,4,63167,0.0632,0,0,0,0,0
Arrays.sort,REVERSE_SORTED,100000,5,78875,0.0789,0,0,0,0,0
MergeSort,REVERSE_SORTED,200000,1,5007583,5.0076,15,2534015,6722048,200000,32767
MergeSort,REVERSE_SORTED,200000,2,4984167,4.9842,15,2534015,6722048,200000,32767
MergeSort,REVERSE_SORTED,200000,3,4945208,4.9452,15,2534015,6722048,200000,32767
MergeSort,REVERSE_SORTED,200000,4,4958000,4.9580,15,2534015,6722048,200000,32767
MergeSort,REVERSE_SORTED,200000,5,4927459,4.9275,15,2534015,6722048,200000,32767
QuickSort,REVERSE_SORTED,200000,1,3264042,3.2640,10,4264611,100000,0,24290
QuickSort,REVERSE_SORTED,200000,2,3091291,3.0913,11,4061835,100040,0,24332
QuickSort,REVERSE_SORTED,200000,3,3203333,3.2033,11,4253718,100060,0,24237
QuickSort,REVERSE_SORTED,200000,4,3168959,3.1690,10,4153293,100000,0,24257
QuickSort,REVERSE_SORTED,200000,5,3238667,3.2387,10,4261436,100024,0,24252
Arrays.sort,REVERSE_SORTED,200000,1,120959,0.1210,0,0,0,0,0
Arrays.sort,REVERSE_SORTED,200000,2,122208,0.1222,0,0,0,0,0
Arrays.sort,REVERSE_SORTED,200000,3,127542,0.1275,0,0,0,0,0
Arrays.sort,REVERSE_SORTED,200000,4,127666,0.1277,0,0,0,0,0
Arrays.sort,REVERSE_SORTED,200000,5,129459,0.1295,0,0,0,0,0
MergeSort,DUPLICATE_HEAVY,1000,1,1709,0.0017,7,999,0,1000,127
MergeSort,DUPLICATE_HEAVY,1000,2,1833,0.0018,7,999,0,1000,127
MergeSort,DUPLICATE_HEAVY,1000,3,1792,0.0018,7,999,0,1000,127
MergeSort,DUPLICATE_HEAVY,1000,4,1750,0.0018,7,999,0,1000,127
MergeSort,DUPLICATE_HEAVY,1000,5,2209,0.0022,7,999,0,1000,127
QuickSort,DUPLICATE_HEAVY,1000,1,8416,0.0084,7,7022,2980,0,64
QuickSort,DUPLICATE_HEAVY,1000,2,8375,0.0084,7,7022,2980,0,64
QuickSort,DUPLICATE_HEAVY,1000,3,8250,0.0083,7,7022,2980,0,64
QuickSort,DUPLICATE_HEAVY,1000,4,8375,0.0084,7,7022,2980,0,64
QuickSort,DUPLICATE_HEAVY,1000,5,8375,0.0084,7,7022,2980,0,64
Arrays.sort,DUPLICATE_HEAVY,1000,1,7416,0.0074,0,0,0,0,0
Arrays.sort,DUPLICATE_HEAVY,1000,2,7459,0.0075,0,0,0,0,0
Arrays.sort,DUPLICATE_HEAVY,1000,3,7416,0.0074,0,0,0,0,0
Arrays.sort,DUPLICATE_HEAVY,1000,4,7458,0.0075,0,0,0,0,0
Arrays.sort,DUPLICATE_HEAVY,1000,5,7375,0.0074,0,0,0,0,0
MergeSort,DUPLICATE_HEAVY,5000,1,136667,0.1367,10,53672,98897,5000,1023
MergeSort,DUPLICATE_HEAVY,5000,2,129416,0.1294,10,53672,98897,5000,1023
MergeSort,DUPLICATE_HEAVY,5000,3,125625,0.1256,10,53672,98897,5000,1023
MergeSort,DUPLICATE_HEAVY,5000,4,122750,0.1228,10,53672,98897,5000,1023
MergeSort,DUPLICATE_HEAVY,5000,5,120791,0.1208,10,53672,98897,5000,1023
QuickSort,DUPLICATE_HEAVY,5000,1,105167,0.1052,9,52106,18637,0,438
QuickSort,DUPLICATE_HEAVY,5000,2,105542,0.1055,9,51584,18949,0,465
QuickSort,DUPLICATE_HEAVY,5000,3,104209,0.1042,9,51303,18875,0,459
QuickSort,DUPLICATE_HEAVY,5000,4,105958,0.1060,9,50844,18843,0,443
QuickSort,DUPLICATE_HEAVY,5000,5,99416,0.0994,8,52852,18616,0,437
Arrays.sort,DUPLICATE_HEAVY,5000,1,201959,0.2020,0,0,0,0,0
Arrays.sort,DUPLICATE_HEAVY,5000,2,205000,0.2050,0,0,0,0,0
Arrays.sort,DUPLICATE_HEAVY,5000,3,211583,0.2116,0,0,0,0,0
Arrays.sort,DUPLICATE_HEAVY,5000,4,215125,0.2151,0,0,0,0,0
Arrays.sort,DUPLICATE_HEAVY,5000,5,164709,0.1647,0,0,0,0,0
MergeSort,DUPLICATE_HEAVY,10000,1,310125,0.3101,11,122538,219835,10000,2047
MergeSort,DUPLICATE_HEAVY,10000,2,307125,0.3071,11,122538,219835,10000,2047
MergeSort,DUPLICATE_HEAVY,10000,3,302375,0.3024,11,122538,219835,10000,2047
MergeSort,DUPLICATE_HEAVY,10000,4,304291,0.3043,11,122538,219835,10000,2047
MergeSort,DUPLICATE_HEAVY,10000,5,300792,0.3008,11,122538,219835,10000,2047
QuickSort,DUPLICATE_HEAVY,10000,1,236917,0.2369,9,114542,39547,0,868
QuickSort,DUPLICATE_HEAVY,10000,2,239000,0.2390,9,116635,39791,0,894
QuickSort,DUPLICATE_HEAVY,10000,3,234875,0.2349,9,114343,40109,0,912
QuickSort,DUPLICATE_HEAVY,10000,4,218667,0.2187,9,129311,38966,0,873
QuickSort,DUPLICATE_HEAVY,10000,5,235875,0.2359,9,114002,39851,0,885
Arrays.sort,DUPLICATE_HEAVY,10000,1,167834,0.1678,0,0,0,0,0
Arrays.sort,DUPLICATE_HEAVY,10000,2,159041,0.1590,0,0,0,0,0
Arrays.sort,DUPLICATE_HEAVY,10000,3,153917,0.1539,0,0,0,0,0
Arrays.sort,DUPLICATE_HEAVY,10000,4,149042,0.1490,0,0,0,0,0
Arrays.sort,DUPLICATE_HEAVY,10000,5,147542,0.1475,0,0,0,0,0
MergeSort,DUPLICATE_HEAVY,50000,1,2115625,2.1156,13,767331,1337227,50000,8191
MergeSort,DUPLICATE_HEAVY,50000,2,2163250,2.1633,13,767331,1337227,50000,8191
MergeSort,DUPLICATE_HEAVY,50000,3,2941458,2.9415,13,767331,1337227,50000,8191
MergeSort,DUPLICATE_HEAVY,50000,4,2274750,2.2748,13,767331,1337227,50000,8191
MergeSort,DUPLICATE_HEAVY,50000,5,2198250,2.1983,13,767331,1337227,50000,8191
QuickSort,DUPLICATE_HEAVY,50000,1,1652958,1.6530,11,736114,225231,0,4446
QuickSort,DUPLICATE_HEAVY,50000,2,1603041,1.6030,11,721204,225993,0,4421
QuickSort,DUPLICATE_HEAVY,50000,3,1627084,1.6271,11,708446,225919,0,4364
QuickSort,DUPLICATE_HEAVY,50000,4,1565250,1.5653,11,738248,225863,0,4497
QuickSort,DUPLICATE_HEAVY,50000,5,1555458,1.5555,10,732919,225045,0,4444
Arrays.sort,DUPLICATE_HEAVY,50000,1,855959,0.8560,0,0,0,0,0
Arrays.sort,DUPLICATE_HEAVY,50000,2,855833,0.8558,0,0,0,0,0
Arrays.sort,DUPLICATE_HEAVY,50000,3,888833,0.8888,0,0,0,0,0
Arrays.sort,DUPLICATE_HEAVY,50000,4,865125,0.8651,0,0,0,0,0
Arrays.sort,DUPLICATE_HEAVY,50000,5,849417,0.8494,0,0,0,0,0
MergeSort,DUPLICATE_HEAVY,100000,1,4754708,4.7547,14,1641272,2877710,100000,16383
MergeSort,DUPLICATE_HEAVY,100000,2,4684041,4.6840,14,1641272,2877710,100000,16383
MergeSort,DUPLICATE_HEAVY,100000,3,4630500,4.6305,14,1641272,2877710,100000,16383
MergeSort,DUPLICATE_HEAVY,100000,4,4609500,4.6095,14,1641272,2877710,100000,16383
MergeSort,DUPLICATE_HEAVY,100000,5,4637834,4.6378,14,1641272,2877710,100000,16383
QuickSort,DUPLICATE_HEAVY,100000,1,3700708,3.7007,12,1670694,472425,0,8980
QuickSort,DUPLICATE_HEAVY,100000,2,3604584,3.6046,12,1619162,474088,0,8956
QuickSort,DUPLICATE_HEAVY,100000,3,3577541,3.5775,12,1677345,472060,0,8927
QuickSort,DUPLICATE_HEAVY,100000,4,3399666,3.3997,11,1685107,471255,0,8931
QuickSort,DUPLICATE_HEAVY,100000,5,3600833,3.6008,11,1766962,468850,0,8944
Arrays.sort,DUPLICATE_HEAVY,100000,1,2389750,2.3898,0,0,0,0,0
Arrays.sort,DUPLICATE_HEAVY,100000,2,2497708,2.4977,0,0,0,0,0
Arrays.sort,DUPLICATE_HEAVY,100000,3,2216709,2.2167,0,0,0,0,0
Arrays.sort,DUPLICATE_HEAVY,100000,4,2142916,2.1429,0,0,0,0,0
Arrays.sort,DUPLICATE_HEAVY,100000,5,2481542,2.4815,0,0,0,0,0
MergeSort,DUPLICATE_HEAVY,200000,1,10580500,10.5805,15,3487923,6156833,200000,32767
MergeSort,DUPLICATE_HEAVY,200000,2,10319833,10.3198,15,3487923,6156833,200000,32767
MergeSort,DUPLICATE_HEAVY,200000,3,10278708,10.2787,15,3487923,6156833,200000,32767
MergeSort,DUPLICATE_HEAVY,200000,4,10129334,10.1293,15,3487923,6156833,200000,32767
MergeSort,DUPLICATE_HEAVY,200000,5,10287625,10.2876,15,3487923,6156833,200000,32767
QuickSort,DUPLICATE_HEAVY,200000,1,7892625,7.8926,12,3432566,999121,0,17746
QuickSort,DUPLICATE_HEAVY,200000,2,7480709,7.4807,12,3638377,992726,0,18031
QuickSort,DUPLICATE_HEAVY,200000,3,7751334,7.7513,12,3376545,1001667,0,17897
QuickSort,DUPLICATE_HEAVY,200000,4,7683875,7.6839,12,3471505,993490,0,17628
QuickSort,DUPLICATE_HEAVY,200000,5,7687750,7.6878,12,3550199,996046,0,17948
Arrays.sort,DUPLICATE_HEAVY,200000,1,4766875,4.7669,0,0,0,0,0
Arrays.sort,DUPLICATE_HEAVY,200000,2,4698083,4.6981,0,0,0,0,0
Arrays.sort,DUPLICATE_HEAVY,200000,3,4792709,4.7927,0,0,0,0,0
Arrays.sort,DUPLICATE_HEAVY,200000,4,4892459,4.8925,0,0,0,0,0
Arrays.sort,DUPLICATE_HEAVY,200000,5,5112041,5.1120,0,0,0,0,0
DeterministicSelect,RANDOM,1000,1,174541,0.1745,5,8977,6142,76,39
DeterministicSelect,RANDOM,1000,2,91833,0.0918,5,8977,6142,76,39
DeterministicSelect,RANDOM,1000,3,53792,0.0538,5,8977,6142,76,39
DeterministicSelect,RANDOM,1000,4,47500,0.0475,5,8977,6142,76,39
DeterministicSelect,RANDOM,1000,5,47542,0.0475,5,8977,6142,76,39
DeterministicSelect,RANDOM,5000,1,240500,0.2405,6,47466,32564,228,115
DeterministicSelect,RANDOM,5000,2,241042,0.2410,6,47466,32564,228,115
DeterministicSelect,RANDOM,5000,3,235041,0.2350,6,47466,32564,228,115
DeterministicSelect,RANDOM,5000,4,240042,0.2400,6,47466,32564,228,115
DeterministicSelect,RANDOM,5000,5,232625,0.2326,6,47466,32564,228,115
DeterministicSelect,RANDOM,10000,1,588417,0.5884,6,99195,68399,392,197
DeterministicSelect,RANDOM,10000,2,549083,0.5491,6,99195,68399,392,197
DeterministicSelect,RANDOM,10000,3,544209,0.5442,6,99195,68399,392,197
DeterministicSelect,RANDOM,10000,4,549875,0.5499,6,99195,68399,392,197
DeterministicSelect,RANDOM,10000,5,549875,0.5499,6,99195,68399,392,197
DeterministicSelect,RANDOM,50000,1,2400291,2.4003,7,508806,355060,1092,547
DeterministicSelect,RANDOM,50000,2,3250166,3.2502,7,508806,355060,1092,547
DeterministicSelect,RANDOM,50000,3,3254625,3.2546,7,508806,355060,1092,547
DeterministicSelect,RANDOM,50000,4,3212792,3.2128,7,508806,355060,1092,547
DeterministicSelect,RANDOM,50000,5,3237084,3.2371,7,508806,355060,1092,547
DeterministicSelect,RANDOM,100000,1,3013084,3.0131,8,1022652,712660,1778,890
DeterministicSelect,RANDOM,100000,2,2851667,2.8517,8,1022652,712660,1778,890
DeterministicSelect,RANDOM,100000,3,2824916,2.8249,8,1022652,712660,1778,890
DeterministicSelect,RANDOM,100000,4,2695625,2.6956,8,1022652,712660,1778,890
DeterministicSelect,RANDOM,100000,5,2808958,2.8090,8,1022652,712660,1778,890
DeterministicSelect,RANDOM,200000,1,5496292,5.4963,8,2057287,1424910,2750,1376
DeterministicSelect,RANDOM,200000,2,5440708,5.4407,8,2057287,1424910,2750,1376
DeterministicSelect,RANDOM,200000,3,5584792,5.5848,8,2057287,1424910,2750,1376
DeterministicSelect,RANDOM,200000,4,5514334,5.5143,8,2057287,1424910,2750,1376
DeterministicSelect,RANDOM,200000,5,5443833,5.4438,8,2057287,1424910,2750,1376
DeterministicSelect,SORTED,1000,1,10375,0.0104,5,7792,4371,88,45
DeterministicSelect,SORTED,1000,2,10167,0.0102,5,7792,4371,88,45
DeterministicSelect,SORTED,1000,3,10167,0.0102,5,7792,4371,88,45
DeterministicSelect,SORTED,1000,4,10125,0.0101,5,7792,4371,88,45
DeterministicSelect,SORTED,1000,5,10125,0.0101,5,7792,4371,88,45
DeterministicSelect,SORTED,5000,1,90334,0.0903,6,41770,23829,268,135
DeterministicSelect,SORTED,5000,2,78958,0.0790,6,41770,23829,268,135
DeterministicSelect,SORTED,5000,3,64708,0.0647,6,41770,23829,268,135
DeterministicSelect,SORTED,5000,4,58916,0.0589,6,41770,23829,268,135
DeterministicSelect,SORTED,5000,5,56917,0.0569,6,41770,23829,268,135
DeterministicSelect,SORTED,10000,1,134208,0.1342,6,84304,48343,384,193
DeterministicSelect,SORTED,10000,2,130208,0.1302,6,84304,48343,384,193
DeterministicSelect,SORTED,10000,3,128292,0.1283,6,84304,48343,384,193
DeterministicSelect,SORTED,10000,4,129250,0.1293,6,84304,48343,384,193
DeterministicSelect,SORTED,10000,5,126292,0.1263,6,84304,48343,384,193
DeterministicSelect,SORTED,50000,1,684667,0.6847,7,435641,252092,1142,572
DeterministicSelect,SORTED,50000,2,709166,0.7092,7,435641,252092,1142,572
DeterministicSelect,SORTED,50000,3,690125,0.6901,7,435641,252092,1142,572
DeterministicSelect,SORTED,50000,4,691125,0.6911,7,435641,252092,1142,572
DeterministicSelect,SORTED,50000,5,691083,0.6911,7,435641,252092,1142,572
DeterministicSelect,SORTED,100000,1,1460208,1.4602,8,876589,507883,1752,877
DeterministicSelect,SORTED,100000,2,1589125,1.5891,8,876589,507883,1752,877
DeterministicSelect,SORTED,100000,3,1438584,1.4386,8,876589,507883,1752,877
DeterministicSelect,SORTED,100000,4,1402250,1.4023,8,876589,507883,1752,877
DeterministicSelect,SORTED,100000,5,1408875,1.4089,8,876589,507883,1752,877
DeterministicSelect,SORTED,200000,1,2971375,2.9714,8,1765353,1025818,2768,1385
DeterministicSelect,SORTED,200000,2,2998375,2.9984,8,1765353,1025818,2768,1385
DeterministicSelect,SORTED,200000,3,2985583,2.9856,8,1765353,1025818,2768,1385
DeterministicSelect,SORTED,200000,4,2910125,2.9101,8,1765353,1025818,2768,1385
DeterministicSelect,SORTED,200000,5,2879750,2.8798,8,1765353,1025818,2768,1385
DeterministicSelect,REVERSE_SORTED,1000,1,11792,0.0118,5,8843,6794,74,38
DeterministicSelect,REVERSE_SORTED,1000,2,11542,0.0115,5,8843,6794,74,38
DeterministicSelect,REVERSE_SORTED,1000,3,11833,0.0118,5,8843,6794,74,38
DeterministicSelect,REVERSE_SORTED,1000,4,12250,0.0123,5,8843,6794,74,38
DeterministicSelect,REVERSE_SORTED,1000,5,11625,0.0116,5,8843,6794,74,38
DeterministicSelect,REVERSE_SORTED,5000,1,61250,0.0613,6,46336,35476,214,108
DeterministicSelect,REVERSE_SORTED,5000,2,60791,0.0608,6,46336,35476,214,108
DeterministicSelect,REVERSE_SORTED,5000,3,60209,0.0602,6,46336,35476,214,108
DeterministicSelect,REVERSE_SORTED,5000,4,62750,0.0628,6,46336,35476,214,108
DeterministicSelect,REVERSE_SORTED,5000,5,60292,0.0603,6,46336,35476,214,108
DeterministicSelect,REVERSE_SORTED,10000,1,139625,0.1396,6,93661,71839,318,160
DeterministicSelect,REVERSE_SORTED,10000,2,139459,0.1395,6,93661,71839,318,160
DeterministicSelect,REVERSE_SORTED,10000,3,138000,0.1380,6,93661,71839,318,160
DeterministicSelect,REVERSE_SORTED,10000,4,136250,0.1363,6,93661,71839,318,160
DeterministicSelect,REVERSE_SORTED,10000,5,135417,0.1354,6,93661,71839,318,160
DeterministicSelect,REVERSE_SORTED,50000,1,821041,0.8210,7,478423,366518,920,461
DeterministicSelect,REVERSE_SORTED,50000,2,775792,0.7758,7,478423,366518,920,461
DeterministicSelect,REVERSE_SORTED,50000,3,784291,0.7843,7,478423,366518,920,461
DeterministicSelect,REVERSE_SORTED,50000,4,784209,0.7842,7,478423,366518,920,461
DeterministicSelect,REVERSE_SORTED,50000,5,802083,0.8021,7,478423,366518,920,461
DeterministicSelect,REVERSE_SORTED,100000,1,1570750,1.5708,8,955921,733326,1314,658
DeterministicSelect,REVERSE_SORTED,100000,2,2767000,2.7670,8,955921,733326,1314,658
DeterministicSelect,REVERSE_SORTED,100000,3,2820875,2.8209,8,955921,733326,1314,658
DeterministicSelect,REVERSE_SORTED,100000,4,1811917,1.8119,8,955921,733326,1314,658
DeterministicSelect,REVERSE_SORTED,100000,5,2015500,2.0155,8,955921,733326,1314,658
DeterministicSelect,REVERSE_SORTED,200000,1,3162375,3.1624,8,1931948,1480385,2196,1099
DeterministicSelect,REVERSE_SORTED,200000,2,3043958,3.0440,8,1931948,1480385,2196,1099
DeterministicSelect,REVERSE_SORTED,200000,3,3032875,3.0329,8,1931948,1480385,2196,1099
DeterministicSelect,REVERSE_SORTED,200000,4,3006333,3.0063,8,1931948,1480385,2196,1099
DeterministicSelect,REVERSE_SORTED,200000,5,3465666,3.4657,8,1931948,1480385,2196,1099
DeterministicSelect,DUPLICATE_HEAVY,1000,1,3375,0.0034,5,3495,250,8,5
DeterministicSelect,DUPLICATE_HEAVY,1000,2,3333,0.0033,5,3495,250,8,5
DeterministicSelect,DUPLICATE_HEAVY,1000,3,3292,0.0033,5,3495,250,8,5
DeterministicSelect,DUPLICATE_HEAVY,1000,4,3375,0.0034,5,3495,250,8,5
DeterministicSelect,DUPLICATE_HEAVY,1000,5,3333,0.0033,5,3495,250,8,5
DeterministicSelect,DUPLICATE_HEAVY,5000,1,33333,0.0333,6,18911,10510,10,6
DeterministicSelect,DUPLICATE_HEAVY,5000,2,28500,0.0285,6,18911,10510,10,6
DeterministicSelect,DUPLICATE_HEAVY,5000,3,26667,0.0267,6,18911,10510,10,6
DeterministicSelect,DUPLICATE_HEAVY,5000,4,25000,0.0250,6,18911,10510,10,6
DeterministicSelect,DUPLICATE_HEAVY,5000,5,26500,0.0265,6,18911,10510,10,6
DeterministicSelect,DUPLICATE_HEAVY,10000,1,118042,0.1180,6,42911,25490,24,13
DeterministicSelect,DUPLICATE_HEAVY,10000,2,139958,0.1400,6,42911,25490,24,13
DeterministicSelect,DUPLICATE_HEAVY,10000,3,132666,0.1327,6,42911,25490,24,13
DeterministicSelect,DUPLICATE_HEAVY,10000,4,120541,0.1205,6,42911,25490,24,13
DeterministicSelect,DUPLICATE_HEAVY,10000,5,114250,0.1143,6,42911,25490,24,13
DeterministicSelect,DUPLICATE_HEAVY,50000,1,686791,0.6868,7,224756,148197,56,29
DeterministicSelect,DUPLICATE_HEAVY,50000,2,661333,0.6613,7,224756,148197,56,29
DeterministicSelect,DUPLICATE_HEAVY,50000,3,633583,0.6336,7,224756,148197,56,29
DeterministicSelect,DUPLICATE_HEAVY,50000,4,627125,0.6271,7,224756,148197,56,29
DeterministicSelect,DUPLICATE_HEAVY,50000,5,625792,0.6258,7,224756,148197,56,29
DeterministicSelect,DUPLICATE_HEAVY,100000,1,1117375,1.1174,8,395613,268286,80,41
DeterministicSelect,DUPLICATE_HEAVY,100000,2,1093167,1.0932,8,395613,268286,80,41
DeterministicSelect,DUPLICATE_HEAVY,100000,3,1078167,1.0782,8,395613,268286,80,41
DeterministicSelect,DUPLICATE_HEAVY,100000,4,1078417,1.0784,8,395613,268286,80,41
DeterministicSelect,DUPLICATE_HEAVY,100000,5,1065834,1.0658,8,395613,268286,80,41
DeterministicSelect,DUPLICATE_HEAVY,200000,1,2091875,2.0919,8,768642,527363,72,37
DeterministicSelect,DUPLICATE_HEAVY,200000,2,2097000,2.0970,8,768642,527363,72,37
DeterministicSelect,DUPLICATE_HEAVY,200000,3,2076333,2.0763,8,768642,527363,72,37
DeterministicSelect,DUPLICATE_HEAVY,200000,4,2071625,2.0716,8,768642,527363,72,37
DeterministicSelect,DUPLICATE_HEAVY,200000,5,2055958,2.0560,8,768642,527363,72,37
ClosestPair,RANDOM_POINTS,1000,1,745875,0.7459,10,22140,9205,2000,975
ClosestPair,RANDOM_POINTS,1000,2,619625,0.6196,10,22140,9205,2000,975
ClosestPair,RANDOM_POINTS,1000,3,623583,0.6236,10,22140,9205,2000,975
ClosestPair,RANDOM_POINTS,1000,4,602292,0.6023,10,22140,9205,2000,975
ClosestPair,RANDOM_POINTS,1000,5,543292,0.5433,10,22140,9205,2000,975
ClosestPairBruteForce,RANDOM_POINTS,1000,1,6095292,6.0953,0,499500,0,0,0
ClosestPair,RANDOM_POINTS,5000,1,4664541,4.6645,12,135090,56952,10000,4095
ClosestPair,RANDOM_POINTS,5000,2,4478458,4.4785,12,135090,56952,10000,4095
ClosestPair,RANDOM_POINTS,5000,3,4581334,4.5813,12,135090,56952,10000,4095
ClosestPair,RANDOM_POINTS,5000,4,4514708,4.5147,12,135090,56952,10000,4095
ClosestPair,RANDOM_POINTS,5000,5,4523042,4.5230,12,135090,56952,10000,4095
ClosestPair,RANDOM_POINTS,10000,1,4686709,4.6867,13,293353,123827,20000,8191
ClosestPair,RANDOM_POINTS,10000,2,4789209,4.7892,13,293353,123827,20000,8191
ClosestPair,RANDOM_POINTS,10000,3,4999041,4.9990,13,293353,123827,20000,8191
ClosestPair,RANDOM_POINTS,10000,4,5416708,5.4167,13,293353,123827,20000,8191
ClosestPair,RANDOM_POINTS,10000,5,4842167,4.8422,13,293353,123827,20000,8191
ClosestPair,RANDOM_POINTS,50000,1,36404916,36.4049,16,1717723,727555,100000,34463
ClosestPair,RANDOM_POINTS,50000,2,27993417,27.9934,16,1717723,727555,100000,34463
ClosestPair,RANDOM_POINTS,50000,3,36112458,36.1125,16,1717723,727555,100000,34463
ClosestPair,RANDOM_POINTS,50000,4,27829167,27.8292,16,1717723,727555,100000,34463
ClosestPair,RANDOM_POINTS,50000,5,27845667,27.8457,16,1717723,727555,100000,34463
ClosestPair,RANDOM_POINTS,100000,1,30276417,30.2764,17,3669885,1555157,200000,68927
ClosestPair,RANDOM_POINTS,100000,2,30535292,30.5353,17,3669885,1555157,200000,68927
ClosestPair,RANDOM_POINTS,100000,3,30322917,30.3229,17,3669885,1555157,200000,68927
ClosestPair,RANDOM_POINTS,100000,4,30268292,30.2683,17,3669885,1555157,200000,68927
ClosestPair,RANDOM_POINTS,100000,5,30310958,30.3110,17,3669885,1555157,200000,68927
